gene_id,01,02,03,04,05,06,07,08,09,10,11,12,13,14,15,16,17,18,19,20
IFT27,0,0,0,0,0,0,0,0,0,0,0,0,0,0,0,0,0,0,0,0
DRICH1,0,0,0,0,0,0,0,0,0,0,0,0,0,0,0,0,0,0,0,0
CRKL,0,0,0,0,0,0,0,0,0,0,0,0,0,0,0,0,0,0,0,0
LOC100996342,0,0,0,0,0,0,0,0,0,0,0,0,0,0,0,0,0,0,0,0
MIR130B,0,0,0,0,0,0,0,0,0,0,0,0,0,0,0,0,0,0,0,0
SBF1,0,0,0,0,0,0,0,0,0,0,0,0,0,0,0,0,0,0,0,0
KIAA1656,0,0,0,0,0,0,0,0,0,0,0,0,0,0,0,0,0,0,0,0
PMM1,0,0,0,0,0,0,0,0,0,0,0,0,0,0,0,0,0,0,0,0
MIAT,0,0,0,0,0,0,0,0,0,0,0,0,0,0,0,0,0,0,0,0
LOC101929374,0,0,0,0,0,0,0,0,0,0,0,0,0,0,0,0,0,0,0,0
LOC100128531,0,0,0,0,0,0,0,0,0,0,0,0,0,0,0,0,0,0,0,0
LOC101929372,0,0,0,0,0,0,0,0,0,0,0,0,0,0,0,0,0,0,0,0
RTN4R,0,0,0,0,0,0,0,0,0,0,0,0,0,0,0,0,0,0,0,0
MEI1,0,0,0,0,0,0,0,0,0,0,0,0,0,0,0,0,0,0,0,0
MIR6889,0,0,0,0,0,0,0,0,0,0,0,0,0,0,0,0,0,0,0,0
GSC2,307,366,448,360,522,371,388,391,392,462,392,375,392,380,320,320,424,508,367,283
IL2RB,0,0,0,0,0,0,0,0,0,0,0,0,0,0,0,0,0,0,0,0
LOC400927,0,0,0,0,0,0,0,0,0,0,0,0,0,0,0,0,0,0,0,0
TMEM184B,0,0,0,0,0,0,0,0,0,0,0,0,0,0,0,0,0,0,0,0
SCARF2,0,0,0,0,0,0,0,0,0,0,0,0,0,0,0,0,0,0,0,0
LINC00229,0,0,0,0,0,0,0,0,0,0,0,0,0,0,0,0,0,0,0,0
LINC00634,0,0,0,0,0,0,0,0,0,0,0,0,0,0,0,0,0,0,0,0
IGLL3P,0,0,0,0,0,0,0,0,0,0,0,0,0,0,0,0,0,0,0,0
PPIL2,0,0,0,0,0,0,0,0,0,0,0,0,0,0,0,0,0,0,0,0
CCDC116,0,0,0,0,0,0,0,0,0,0,0,0,0,0,0,0,0,0,0,0
LINC01310,0,0,0,0,0,0,0,0,0,0,0,0,0,0,0,0,0,0,0,0
LINC01311,0,0,0,0,0,0,0,0,0,0,0,0,0,0,0,0,0,0,0,0
RHBDD3,0,0,0,0,0,0,0,0,0,0,0,0,0,0,0,0,0,0,0,0
CCDC117,0,0,0,0,0,0,0,0,0,0,0,0,0,0,0,0,0,0,0,0
RASL10A,0,0,0,0,0,0,0,0,0,0,0,0,0,0,0,0,0,0,0,0
ATP6V1E1,1725,1516,1788,1771,1758,1698,2016,1997,1799,1653,1926,1420,1869,1791,1864,2067,1764,1888,1898,1765
LOC388849,0,0,0,0,0,0,0,0,0,0,0,0,0,0,0,0,0,0,0,0
MYO18B,0,0,0,0,0,0,0,0,0,0,0,0,0,0,0,0,0,0,0,0
SMC1B,0,0,0,0,0,0,0,0,0,0,0,0,0,0,0,0,0,0,0,0
MIR6816,0,0,0,0,0,0,0,0,0,0,0,0,0,0,0,0,0,0,0,0
MIR6817,0,0,0,0,0,0,0,0,0,0,0,0,0,0,0,0,0,0,0,0
LARGE-AS1,0,0,0,0,0,0,0,0,0,0,0,0,0,0,0,0,0,0,0,0
MIR6819,0,0,0,0,0,0,0,0,0,0,0,0,0,0,0,0,0,0,0,0
VPREB1,0,0,0,0,0,0,0,0,0,0,0,0,0,0,0,0,0,0,0,0
VPREB3,0,0,0,0,0,0,0,0,0,0,0,0,0,0,0,0,0,0,0,0
CRYBA4,0,0,0,0,0,0,0,0,0,0,0,0,0,0,0,0,0,0,0,0
HSCB,0,0,0,0,0,0,0,0,0,0,0,0,0,0,0,0,0,0,0,0
MIR650,0,0,0,0,0,0,0,0,0,0,0,0,0,0,0,0,0,0,0,0
POM121L4P,0,0,0,0,0,0,0,0,0,0,0,0,0,0,0,0,0,0,0,0
SOX10,0,0,0,0,0,0,0,0,0,0,0,0,0,0,0,0,0,0,0,0
GRAP2,0,0,0,0,0,0,0,0,0,0,0,0,0,0,0,0,0,0,0,0
DGCR6L,0,0,0,0,0,0,0,0,0,0,0,0,0,0,0,0,0,0,0,0
NF2,0,0,0,0,0,0,0,0,0,0,0,0,0,0,0,0,0,0,0,0
LINC00528,0,0,0,0,0,0,0,0,0,0,0,0,0,0,0,0,0,0,0,0
GGTLC2,0,0,0,0,0,0,0,0,0,0,0,0,0,0,0,0,0,0,0,0
MIR4762,0,0,0,0,0,0,0,0,0,0,0,0,0,0,0,0,0,0,0,0
MIR4763,0,0,0,0,0,0,0,0,0,0,0,0,0,0,0,0,0,0,0,0
MIR4761,0,0,0,0,0,0,0,0,0,0,0,0,0,0,0,0,0,0,0,0
MIR4766,0,0,0,0,0,0,0,0,0,0,0,0,0,0,0,0,0,0,0,0
MIR4764,0,0,0,0,0,0,0,0,0,0,0,0,0,0,0,0,0,0,0,0
SAMM50,0,0,0,0,0,0,0,0,0,0,0,0,0,0,0,0,0,0,0,0
PPARA,0,0,0,0,0,0,0,0,0,0,0,0,0,0,0,0,0,0,0,0
CBY1,0,0,0,0,0,0,0,0,0,0,0,0,0,0,0,0,0,0,0,0
RPL23AP82,0,0,0,0,0,0,0,0,0,0,0,0,0,0,0,0,0,0,0,0
SULT4A1,0,0,0,0,0,0,0,0,0,0,0,0,0,0,0,0,0,0,0,0
ZNRF3,0,0,0,0,0,0,0,0,0,0,0,0,0,0,0,0,0,0,0,0
MB,0,0,0,0,0,0,0,0,0,0,0,0,0,0,0,0,0,0,0,0
PISD,0,0,0,0,0,0,0,0,0,0,0,0,0,0,0,0,0,0,0,0
ZDHHC8,0,0,0,0,0,0,0,0,0,0,0,0,0,0,0,0,0,0,0,0
TCN2,0,0,0,0,0,0,0,0,0,0,0,0,0,0,0,0,0,0,0,0
C22orf29,0,0,0,0,0,0,0,0,0,0,0,0,0,0,0,0,0,0,0,0
TUBA3FP,0,0,0,0,0,0,0,0,0,0,0,0,0,0,0,0,0,0,0,0
TTC38,0,0,0,0,0,0,0,0,0,0,0,0,0,0,0,0,0,0,0,0
C22orf24,0,0,0,0,0,0,0,0,0,0,0,0,0,0,0,0,0,0,0,0
RFPL1S,0,0,0,0,0,0,0,0,0,0,0,0,0,0,0,0,0,0,0,0
GUSBP11,0,0,0,0,0,0,0,0,0,0,0,0,0,0,0,0,0,0,0,0
MIR7109,0,0,0,0,0,0,0,0,0,0,0,0,0,0,0,0,0,0,0,0
KLHL22,0,0,0,0,0,0,0,0,0,0,0,0,0,0,0,0,0,0,0,0
CCT8L2,240,294,331,299,244,310,244,190,258,227,251,307,291,275,286,176,190,354,343,251
SERHL2,0,0,0,0,0,0,0,0,0,0,0,0,0,0,0,0,0,0,0,0
MIOX,0,0,0,0,0,0,0,0,0,0,0,0,0,0,0,0,0,0,0,0
FAM230B,0,0,0,0,0,0,0,0,0,0,0,0,0,0,0,0,0,0,0,0
P2RX6P,0,0,0,0,0,0,0,0,0,0,0,0,0,0,0,0,0,0,0,0
LOC101928891,0,0,0,0,0,0,0,0,0,0,0,0,0,0,0,0,0,0,0,0
HIC2,0,0,0,0,0,0,0,0,0,0,0,0,0,0,0,0,0,0,0,0
PRAME,0,0,0,0,0,0,0,0,0,0,0,0,0,0,0,0,0,0,0,0
DDTL,0,0,0,0,0,0,0,0,0,0,0,0,0,0,0,0,0,0,0,0
TTC28-AS1,0,0,0,0,0,0,0,0,0,0,0,0,0,0,0,0,0,0,0,0
CHKB-CPT1B,0,0,0,0,0,0,0,0,0,0,0,0,0,0,0,0,0,0,0,0
PARVB,0,0,0,0,0,0,0,0,0,0,0,0,0,0,0,0,0,0,0,0
LOC101929539,0,0,0,0,0,0,0,0,0,0,0,0,0,0,0,0,0,0,0,0
PARVG,0,0,0,0,0,0,0,0,0,0,0,0,0,0,0,0,0,0,0,0
TUG1,0,0,0,0,0,0,0,0,0,0,0,0,0,0,0,0,0,0,0,0
MIR1249,0,0,0,0,0,0,0,0,0,0,0,0,0,0,0,0,0,0,0,0
ARVCF,0,0,0,0,0,0,0,0,0,0,0,0,0,0,0,0,0,0,0,0
MCAT,0,0,0,0,0,0,0,0,0,0,0,0,0,0,0,0,0,0,0,0
ALG12,0,0,0,0,0,0,0,0,0,0,0,0,0,0,0,0,0,0,0,0
NIPSNAP1,0,0,0,0,0,0,0,0,0,0,0,0,0,0,0,0,0,0,0,0
APOBEC3H,0,0,0,0,0,0,0,0,0,0,0,0,0,0,0,0,0,0,0,0
TRIOBP,0,0,0,0,0,0,0,0,0,0,0,0,0,0,0,0,0,0,0,0
MICALL1,0,0,0,0,0,0,0,0,0,0,0,0,0,0,0,0,0,0,0,0
APOBEC3D,0,0,0,0,0,0,0,0,0,0,0,0,0,0,0,0,0,0,0,0
APOBEC3G,0,0,0,0,0,0,0,0,0,0,0,0,0,0,0,0,0,0,0,0
APOBEC3F,0,0,0,0,0,0,0,0,0,0,0,0,0,0,0,0,0,0,0,0
APOBEC3A,0,0,0,0,0,0,0,0,0,0,0,0,0,0,0,0,0,0,0,0
APOBEC3C,0,0,0,0,0,0,0,0,0,0,0,0,0,0,0,0,0,0,0,0
APOBEC3B,0,0,0,0,0,0,0,0,0,0,0,0,0,0,0,0,0,0,0,0
SSTR3,0,0,0,0,0,0,0,0,0,0,0,0,0,0,0,0,0,0,0,0
BPIFC,0,0,0,0,0,0,0,0,0,0,0,0,0,0,0,0,0,0,0,0
CDC45,2043,2216,1933,2491,2097,1986,2307,2162,2336,1962,2354,2273,2332,1954,2318,2263,2410,2208,2307,2213
TUBGCP6,0,0,0,0,0,0,0,0,0,0,0,0,0,0,0,0,0,0,0,0
CES5AP1,0,0,0,0,0,0,0,0,0,0,0,0,0,0,0,0,0,0,0,0
MORC2,0,0,0,0,0,0,0,0,0,0,0,0,0,0,0,0,0,0,0,0
GSTT2,0,0,0,0,0,0,0,0,0,0,0,0,0,0,0,0,0,0,0,0
TOM1,0,0,0,0,0,0,0,0,0,0,0,0,0,0,0,0,0,0,0,0
EMID1,0,0,0,0,0,0,0,0,0,0,0,0,0,0,0,0,0,0,0,0
FAM109B,0,0,0,0,0,0,0,0,0,0,0,0,0,0,0,0,0,0,0,0
MIR301B,0,0,0,0,0,0,0,0,0,0,0,0,0,0,0,0,0,0,0,0
MIR3653,0,0,0,0,0,0,0,0,0,0,0,0,0,0,0,0,0,0,0,0
DDX17,0,0,0,0,0,0,0,0,0,0,0,0,0,0,0,0,0,0,0,0
MIR4535,0,0,0,0,0,0,0,0,0,0,0,0,0,0,0,0,0,0,0,0
MIR4534,0,0,0,0,0,0,0,0,0,0,0,0,0,0,0,0,0,0,0,0
TOB2,0,0,0,0,0,0,0,0,0,0,0,0,0,0,0,0,0,0,0,0
RTDR1,0,0,0,0,0,0,0,0,0,0,0,0,0,0,0,0,0,0,0,0
POTEH,612,544,845,608,499,769,537,849,573,682,163,155,107,191,166,158,142,166,120,208
APOL6,0,0,0,0,0,0,0,0,0,0,0,0,0,0,0,0,0,0,0,0
APOL5,0,0,0,0,0,0,0,0,0,0,0,0,0,0,0,0,0,0,0,0
APOL4,0,0,0,0,0,0,0,0,0,0,0,0,0,0,0,0,0,0,0,0
APOL3,0,0,0,0,0,0,0,0,0,0,0,0,0,0,0,0,0,0,0,0
APOL2,0,0,0,0,0,0,0,0,0,0,0,0,0,0,0,0,0,0,0,0
APOL1,0,0,0,0,0,0,0,0,0,0,0,0,0,0,0,0,0,0,0,0
TTLL1,0,0,0,0,0,0,0,0,0,0,0,0,0,0,0,0,0,0,0,0
EP300-AS1,0,0,0,0,0,0,0,0,0,0,0,0,0,0,0,0,0,0,0,0
FBXW4P1,0,0,0,0,0,0,0,0,0,0,0,0,0,0,0,0,0,0,0,0
LOC284865,0,0,0,0,0,0,0,0,0,0,0,0,0,0,0,0,0,0,0,0
CRYBB2,0,0,0,0,0,0,0,0,0,0,0,0,0,0,0,0,0,0,0,0
CRYBB3,0,0,0,0,0,0,0,0,0,0,0,0,0,0,0,0,0,0,0,0
CRYBB1,0,0,0,0,0,0,0,0,0,0,0,0,0,0,0,0,0,0,0,0
MIR648,3,3,3,7,3,3,13,6,3,3,3,3,3,3,3,3,3,3,3,11
ASCC2,0,0,0,0,0,0,0,0,0,0,0,0,0,0,0,0,0,0,0,0
KLHDC7B,0,0,0,0,0,0,0,0,0,0,0,0,0,0,0,0,0,0,0,0
LOC101929664,0,0,0,0,0,0,0,0,0,0,0,0,0,0,0,0,0,0,0,0
RNU86,0,0,0,0,0,0,0,0,0,0,0,0,0,0,0,0,0,0,0,0
ARSA,0,0,0,0,0,0,0,0,0,0,0,0,0,0,0,0,0,0,0,0
ANKRD62P1-PARP4P3,251,234,286,322,319,299,338,232,366,400,278,315,242,320,312,371,347,315,264,254
MIR6821,0,0,0,0,0,0,0,0,0,0,0,0,0,0,0,0,0,0,0,0
MIR6820,0,0,0,0,0,0,0,0,0,0,0,0,0,0,0,0,0,0,0,0
CERK,0,0,0,0,0,0,0,0,0,0,0,0,0,0,0,0,0,0,0,0
DNAL4,0,0,0,0,0,0,0,0,0,0,0,0,0,0,0,0,0,0,0,0
EWSR1,0,0,0,0,0,0,0,0,0,0,0,0,0,0,0,0,0,0,0,0
GTSE1,0,0,0,0,0,0,0,0,0,0,0,0,0,0,0,0,0,0,0,0
LIF,0,0,0,0,0,0,0,0,0,0,0,0,0,0,0,0,0,0,0,0
LINC00896,0,0,0,0,0,0,0,0,0,0,0,0,0,0,0,0,0,0,0,0
LINC00895,336,318,299,523,246,395,288,344,291,374,282,396,302,440,272,370,328,334,347,432
LINC00898,0,0,0,0,0,0,0,0,0,0,0,0,0,0,0,0,0,0,0,0
LINC00899,0,0,0,0,0,0,0,0,0,0,0,0,0,0,0,0,0,0,0,0
RIBC2,0,0,0,0,0,0,0,0,0,0,0,0,0,0,0,0,0,0,0,0
MIF,0,0,0,0,0,0,0,0,0,0,0,0,0,0,0,0,0,0,0,0
PES1,0,0,0,0,0,0,0,0,0,0,0,0,0,0,0,0,0,0,0,0
TNRC6B,0,0,0,0,0,0,0,0,0,0,0,0,0,0,0,0,0,0,0,0
SLC25A18,1381,1377,1383,1371,1292,1281,1137,1344,1191,1269,1216,1393,1272,1116,1236,1508,1126,1103,1079,1201
SLC25A17,0,0,0,0,0,0,0,0,0,0,0,0,0,0,0,0,0,0,0,0
MFNG,0,0,0,0,0,0,0,0,0,0,0,0,0,0,0,0,0,0,0,0
FBLN1,0,0,0,0,0,0,0,0,0,0,0,0,0,0,0,0,0,0,0,0
ENTHD1,0,0,0,0,0,0,0,0,0,0,0,0,0,0,0,0,0,0,0,0
BCRP2,0,0,0,0,0,0,0,0,0,0,0,0,0,0,0,0,0,0,0,0
BCRP3,0,0,0,0,0,0,0,0,0,0,0,0,0,0,0,0,0,0,0,0
EIF3L,0,0,0,0,0,0,0,0,0,0,0,0,0,0,0,0,0,0,0,0
EIF3D,0,0,0,0,0,0,0,0,0,0,0,0,0,0,0,0,0,0,0,0
GSTTP1,0,0,0,0,0,0,0,0,0,0,0,0,0,0,0,0,0,0,0,0
GSTTP2,0,0,0,0,0,0,0,0,0,0,0,0,0,0,0,0,0,0,0,0
MTMR3,0,0,0,0,0,0,0,0,0,0,0,0,0,0,0,0,0,0,0,0
NOL12,0,0,0,0,0,0,0,0,0,0,0,0,0,0,0,0,0,0,0,0
CENPM,0,0,0,0,0,0,0,0,0,0,0,0,0,0,0,0,0,0,0,0
RIMBP3B,0,0,0,0,0,0,0,0,0,0,0,0,0,0,0,0,0,0,0,0
RIMBP3C,0,0,0,0,0,0,0,0,0,0,0,0,0,0,0,0,0,0,0,0
MCHR1,0,0,0,0,0,0,0,0,0,0,0,0,0,0,0,0,0,0,0,0
KIAA1644,0,0,0,0,0,0,0,0,0,0,0,0,0,0,0,0,0,0,0,0
CCDC157,0,0,0,0,0,0,0,0,0,0,0,0,0,0,0,0,0,0,0,0
THOC5,0,0,0,0,0,0,0,0,0,0,0,0,0,0,0,0,0,0,0,0
SMDT1,0,0,0,0,0,0,0,0,0,0,0,0,0,0,0,0,0,0,0,0
KIAA0930,0,0,0,0,0,0,0,0,0,0,0,0,0,0,0,0,0,0,0,0
POM121L9P,0,0,0,0,0,0,0,0,0,0,0,0,0,0,0,0,0,0,0,0
ZNF280B,0,0,0,0,0,0,0,0,0,0,0,0,0,0,0,0,0,0,0,0
ZNF280A,0,0,0,0,0,0,0,0,0,0,0,0,0,0,0,0,0,0,0,0
YDJC,0,0,0,0,0,0,0,0,0,0,0,0,0,0,0,0,0,0,0,0
MRPL40,112,115,214,174,156,138,235,167,198,226,118,99,164,138,148,196,178,126,183,152
CYP2D7P,0,0,0,0,0,0,0,0,0,0,0,0,0,0,0,0,0,0,0,0
XPNPEP3,0,0,0,0,0,0,0,0,0,0,0,0,0,0,0,0,0,0,0,0
SDC4P,0,0,0,0,0,0,0,0,0,0,0,0,0,0,0,0,0,0,0,0
CYB5R3,0,0,0,0,0,0,0,0,0,0,0,0,0,0,0,0,0,0,0,0
CRELD2,0,0,0,0,0,0,0,0,0,0,0,0,0,0,0,0,0,0,0,0
SNAP29,0,0,0,0,0,0,0,0,0,0,0,0,0,0,0,0,0,0,0,0
MIR3619,0,0,0,0,0,0,0,0,0,0,0,0,0,0,0,0,0,0,0,0
MIR3618,0,0,0,0,0,0,0,0,0,0,0,0,0,0,0,0,0,0,0,0
ARFGAP3,0,0,0,0,0,0,0,0,0,0,0,0,0,0,0,0,0,0,0,0
MIR6818,0,0,0,0,0,0,0,0,0,0,0,0,0,0,0,0,0,0,0,0
PDXP,0,0,0,0,0,0,0,0,0,0,0,0,0,0,0,0,0,0,0,0
TPST2,0,0,0,0,0,0,0,0,0,0,0,0,0,0,0,0,0,0,0,0
ADSL,0,0,0,0,0,0,0,0,0,0,0,0,0,0,0,0,0,0,0,0
ADORA2A,0,0,0,0,0,0,0,0,0,0,0,0,0,0,0,0,0,0,0,0
YPEL1,0,0,0,0,0,0,0,0,0,0,0,0,0,0,0,0,0,0,0,0
CYP2D6,0,0,0,0,0,0,0,0,0,0,0,0,0,0,0,0,0,0,0,0
PKDREJ,0,0,0,0,0,0,0,0,0,0,0,0,0,0,0,0,0,0,0,0
MKL1,0,0,0,0,0,0,0,0,0,0,0,0,0,0,0,0,0,0,0,0
DERL3,0,0,0,0,0,0,0,0,0,0,0,0,0,0,0,0,0,0,0,0
SF3A1,0,0,0,0,0,0,0,0,0,0,0,0,0,0,0,0,0,0,0,0
SDF2L1,0,0,0,0,0,0,0,0,0,0,0,0,0,0,0,0,0,0,0,0
TXNRD2,0,0,0,0,0,0,0,0,0,0,0,0,0,0,0,0,0,0,0,0
CLDN5,1868,1877,1697,1646,1627,1819,1995,1725,1707,1809,1889,1852,1794,1938,1774,2022,1484,1742,1848,1811
MIR33A,0,0,0,0,0,0,0,0,0,0,0,0,0,0,0,0,0,0,0,0
RBX1,0,0,0,0,0,0,0,0,0,0,0,0,0,0,0,0,0,0,0,0
MIR1306,0,0,0,0,0,0,0,0,0,0,0,0,0,0,0,0,0,0,0,0
SERPIND1,0,0,0,0,0,0,0,0,0,0,0,0,0,0,0,0,0,0,0,0
WBP2NL,0,0,0,0,0,0,0,0,0,0,0,0,0,0,0,0,0,0,0,0
TMEM211,0,0,0,0,0,0,0,0,0,0,0,0,0,0,0,0,0,0,0,0
LOC102724827,0,0,0,0,0,0,0,0,0,0,0,0,0,0,0,0,0,0,0,0
DEPDC5,0,0,0,0,0,0,0,0,0,0,0,0,0,0,0,0,0,0,0,0
GTPBP1,0,0,0,0,0,0,0,0,0,0,0,0,0,0,0,0,0,0,0,0
SHISA8,0,0,0,0,0,0,0,0,0,0,0,0,0,0,0,0,0,0,0,0
SEZ6L,0,0,0,0,0,0,0,0,0,0,0,0,0,0,0,0,0,0,0,0
EFCAB6-AS1,0,0,0,0,0,0,0,0,0,0,0,0,0,0,0,0,0,0,0,0
ISX,0,0,0,0,0,0,0,0,0,0,0,0,0,0,0,0,0,0,0,0
PIWIL3,0,0,0,0,0,0,0,0,0,0,0,0,0,0,0,0,0,0,0,0
PI4KA,0,0,0,0,0,0,0,0,0,0,0,0,0,0,0,0,0,0,0,0
MIRLET7BHG,0,0,0,0,0,0,0,0,0,0,0,0,0,0,0,0,0,0,0,0
RFPL1,0,0,0,0,0,0,0,0,0,0,0,0,0,0,0,0,0,0,0,0
RFPL3,0,0,0,0,0,0,0,0,0,0,0,0,0,0,0,0,0,0,0,0
RFPL2,0,0,0,0,0,0,0,0,0,0,0,0,0,0,0,0,0,0,0,0
SH3BP1,0,0,0,0,0,0,0,0,0,0,0,0,0,0,0,0,0,0,0,0
CBX7,0,0,0,0,0,0,0,0,0,0,0,0,0,0,0,0,0,0,0,0
CBX6,0,0,0,0,0,0,0,0,0,0,0,0,0,0,0,0,0,0,0,0
PANX2,0,0,0,0,0,0,0,0,0,0,0,0,0,0,0,0,0,0,0,0
MMP11,0,0,0,0,0,0,0,0,0,0,0,0,0,0,0,0,0,0,0,0
GAS2L1,0,0,0,0,0,0,0,0,0,0,0,0,0,0,0,0,0,0,0,0
LOC101929829,0,0,0,0,0,0,0,0,0,0,0,0,0,0,0,0,0,0,0,0
MYH9,0,0,0,0,0,0,0,0,0,0,0,0,0,0,0,0,0,0,0,0
DNAJB7,0,0,0,0,0,0,0,0,0,0,0,0,0,0,0,0,0,0,0,0
NUP50-AS1,0,0,0,0,0,0,0,0,0,0,0,0,0,0,0,0,0,0,0,0
LOC391322,0,0,0,0,0,0,0,0,0,0,0,0,0,0,0,0,0,0,0,0
C22orf39,824,913,914,891,978,883,1035,883,911,1011,929,842,992,875,863,926,826,999,812,1010
TTC28,0,0,0,0,0,0,0,0,0,0,0,0,0,0,0,0,0,0,0,0
PVALB,0,0,0,0,0,0,0,0,0,0,0,0,0,0,0,0,0,0,0,0
C22orf31,0,0,0,0,0,0,0,0,0,0,0,0,0,0,0,0,0,0,0,0
RANBP1,0,0,0,0,0,0,0,0,0,0,0,0,0,0,0,0,0,0,0,0
C22orf34,0,0,0,0,0,0,0,0,0,0,0,0,0,0,0,0,0,0,0,0
H1F0,0,0,0,0,0,0,0,0,0,0,0,0,0,0,0,0,0,0,0,0
PRR5-ARHGAP8,0,0,0,0,0,0,0,0,0,0,0,0,0,0,0,0,0,0,0,0
MIR185,0,0,0,0,0,0,0,0,0,0,0,0,0,0,0,0,0,0,0,0
CELSR1,0,0,0,0,0,0,0,0,0,0,0,0,0,0,0,0,0,0,0,0
RABL2B,0,0,0,0,0,0,0,0,0,0,0,0,0,0,0,0,0,0,0,0
TXN2,0,0,0,0,0,0,0,0,0,0,0,0,0,0,0,0,0,0,0,0
APOBEC3A_B,0,0,0,0,0,0,0,0,0,0,0,0,0,0,0,0,0,0,0,0
LOC101927257,0,0,0,0,0,0,0,0,0,0,0,0,0,0,0,0,0,0,0,0
JOSD1,0,0,0,0,0,0,0,0,0,0,0,0,0,0,0,0,0,0,0,0
EP300,0,0,0,0,0,0,0,0,0,0,0,0,0,0,0,0,0,0,0,0
TSPO,0,0,0,0,0,0,0,0,0,0,0,0,0,0,0,0,0,0,0,0
RTCB,0,0,0,0,0,0,0,0,0,0,0,0,0,0,0,0,0,0,0,0
THAP7,0,0,0,0,0,0,0,0,0,0,0,0,0,0,0,0,0,0,0,0
TFIP11,0,0,0,0,0,0,0,0,0,0,0,0,0,0,0,0,0,0,0,0
IGLL1,0,0,0,0,0,0,0,0,0,0,0,0,0,0,0,0,0,0,0,0
CECR5-AS1,397,435,468,442,338,389,429,460,479,366,542,424,439,356,490,489,458,467,398,392
IGLL5,0,0,0,0,0,0,0,0,0,0,0,0,0,0,0,0,0,0,0,0
TANGO2,0,0,0,0,0,0,0,0,0,0,0,0,0,0,0,0,0,0,0,0
UQCR10,0,0,0,0,0,0,0,0,0,0,0,0,0,0,0,0,0,0,0,0
SRRD,0,0,0,0,0,0,0,0,0,0,0,0,0,0,0,0,0,0,0,0
GNB1L,0,0,0,0,0,0,0,0,0,0,0,0,0,0,0,0,0,0,0,0
SLC5A4,0,0,0,0,0,0,0,0,0,0,0,0,0,0,0,0,0,0,0,0
GAL3ST1,0,0,0,0,0,0,0,0,0,0,0,0,0,0,0,0,0,0,0,0
TST,0,0,0,0,0,0,0,0,0,0,0,0,0,0,0,0,0,0,0,0
DRG1,0,0,0,0,0,0,0,0,0,0,0,0,0,0,0,0,0,0,0,0
BIK,0,0,0,0,0,0,0,0,0,0,0,0,0,0,0,0,0,0,0,0
SUN2,0,0,0,0,0,0,0,0,0,0,0,0,0,0,0,0,0,0,0,0
BID,7969,7700,7843,7738,7236,7999,8332,7672,7723,7678,8543,7638,8317,7578,8083,7979,8361,7982,8776,7991
RGL4,0,0,0,0,0,0,0,0,0,0,0,0,0,0,0,0,0,0,0,0
YWHAH,0,0,0,0,0,0,0,0,0,0,0,0,0,0,0,0,0,0,0,0
MED15,0,0,0,0,0,0,0,0,0,0,0,0,0,0,0,0,0,0,0,0
AP1B1,0,0,0,0,0,0,0,0,0,0,0,0,0,0,0,0,0,0,0,0
PITPNB,0,0,0,0,0,0,0,0,0,0,0,0,0,0,0,0,0,0,0,0
MORC2-AS1,0,0,0,0,0,0,0,0,0,0,0,0,0,0,0,0,0,0,0,0
PACSIN2,0,0,0,0,0,0,0,0,0,0,0,0,0,0,0,0,0,0,0,0
SPECC1L-ADORA2A,0,0,0,0,0,0,0,0,0,0,0,0,0,0,0,0,0,0,0,0
RAC2,0,0,0,0,0,0,0,0,0,0,0,0,0,0,0,0,0,0,0,0
ZC3H7B,0,0,0,0,0,0,0,0,0,0,0,0,0,0,0,0,0,0,0,0
CDC42EP1,0,0,0,0,0,0,0,0,0,0,0,0,0,0,0,0,0,0,0,0
CARD10,0,0,0,0,0,0,0,0,0,0,0,0,0,0,0,0,0,0,0,0
MGAT3,0,0,0,0,0,0,0,0,0,0,0,0,0,0,0,0,0,0,0,0
SGSM3,0,0,0,0,0,0,0,0,0,0,0,0,0,0,0,0,0,0,0,0
SGSM1,0,0,0,0,0,0,0,0,0,0,0,0,0,0,0,0,0,0,0,0
MIRLET7A3,0,0,0,0,0,0,0,0,0,0,0,0,0,0,0,0,0,0,0,0
FAM227A,0,0,0,0,0,0,0,0,0,0,0,0,0,0,0,0,0,0,0,0
CYTH4,0,0,0,0,0,0,0,0,0,0,0,0,0,0,0,0,0,0,0,0
BMS1P20,0,0,0,0,0,0,0,0,0,0,0,0,0,0,0,0,0,0,0,0
SLC16A8,0,0,0,0,0,0,0,0,0,0,0,0,0,0,0,0,0,0,0,0
LOC284933,0,0,0,0,0,0,0,0,0,0,0,0,0,0,0,0,0,0,0,0
TBC1D22A,0,0,0,0,0,0,0,0,0,0,0,0,0,0,0,0,0,0,0,0
TYMP,0,0,0,0,0,0,0,0,0,0,0,0,0,0,0,0,0,0,0,0
CACNG2,0,0,0,0,0,0,0,0,0,0,0,0,0,0,0,0,0,0,0,0
TOP1P2,0,0,0,0,0,0,0,0,0,0,0,0,0,0,0,0,0,0,0,0
RRP7A,0,0,0,0,0,0,0,0,0,0,0,0,0,0,0,0,0,0,0,0
RRP7B,0,0,0,0,0,0,0,0,0,0,0,0,0,0,0,0,0,0,0,0
MIR659,0,0,0,0,0,0,0,0,0,0,0,0,0,0,0,0,0,0,0,0
MIR658,0,0,0,0,0,0,0,0,0,0,0,0,0,0,0,0,0,0,0,0
POM121L1P,0,0,0,0,0,0,0,0,0,0,0,0,0,0,0,0,0,0,0,0
LOC54944,0,0,0,0,0,0,0,0,0,0,0,0,0,0,0,0,0,0,0,0
TIMP3,0,0,0,0,0,0,0,0,0,0,0,0,0,0,0,0,0,0,0,0
HSFY1P1,262,504,430,315,339,390,294,384,235,287,435,399,331,254,379,256,264,275,326,456
POLR3H,0,0,0,0,0,0,0,0,0,0,0,0,0,0,0,0,0,0,0,0
CACNA1I,0,0,0,0,0,0,0,0,0,0,0,0,0,0,0,0,0,0,0,0
TMEM191B,0,0,0,0,0,0,0,0,0,0,0,0,0,0,0,0,0,0,0,0
TMEM191C,0,0,0,0,0,0,0,0,0,0,0,0,0,0,0,0,0,0,0,0
TMEM191A,0,0,0,0,0,0,0,0,0,0,0,0,0,0,0,0,0,0,0,0
PLA2G6,0,0,0,0,0,0,0,0,0,0,0,0,0,0,0,0,0,0,0,0
PLA2G3,0,0,0,0,0,0,0,0,0,0,0,0,0,0,0,0,0,0,0,0
EIF4ENIF1,0,0,0,0,0,0,0,0,0,0,0,0,0,0,0,0,0,0,0,0
ADM2,0,0,0,0,0,0,0,0,0,0,0,0,0,0,0,0,0,0,0,0
KCNJ4,0,0,0,0,0,0,0,0,0,0,0,0,0,0,0,0,0,0,0,0
TRMU,0,0,0,0,0,0,0,0,0,0,0,0,0,0,0,0,0,0,0,0
PIK3IP1,0,0,0,0,0,0,0,0,0,0,0,0,0,0,0,0,0,0,0,0
PEX26,1351,1327,1239,1233,1443,1258,1351,1200,1211,1413,1288,1493,1293,1468,1176,1361,1276,1354,1157,1444
SLC25A1,430,377,475,452,401,460,411,478,503,321,348,396,507,357,349,418,419,414,492,439
PRR14L,0,0,0,0,0,0,0,0,0,0,0,0,0,0,0,0,0,0,0,0
LOC101927051,0,0,0,0,0,0,0,0,0,0,0,0,0,0,0,0,0,0,0,0
SNORD83A,0,0,0,0,0,0,0,0,0,0,0,0,0,0,0,0,0,0,0,0
PATZ1,0,0,0,0,0,0,0,0,0,0,0,0,0,0,0,0,0,0,0,0
SNORD83B,0,0,0,0,0,0,0,0,0,0,0,0,0,0,0,0,0,0,0,0
BRD1,0,0,0,0,0,0,0,0,0,0,0,0,0,0,0,0,0,0,0,0
SNRPD3,0,0,0,0,0,0,0,0,0,0,0,0,0,0,0,0,0,0,0,0
HIRA,669,731,801,830,896,687,836,800,732,707,788,772,591,843,821,558,751,612,752,703
HPS4,0,0,0,0,0,0,0,0,0,0,0,0,0,0,0,0,0,0,0,0
RNF185,0,0,0,0,0,0,0,0,0,0,0,0,0,0,0,0,0,0,0,0
SFI1,0,0,0,0,0,0,0,0,0,0,0,0,0,0,0,0,0,0,0,0
INPP5J,0,0,0,0,0,0,0,0,0,0,0,0,0,0,0,0,0,0,0,0
GALR3,0,0,0,0,0,0,0,0,0,0,0,0,0,0,0,0,0,0,0,0
RNF215,0,0,0,0,0,0,0,0,0,0,0,0,0,0,0,0,0,0,0,0
HDAC10,0,0,0,0,0,0,0,0,0,0,0,0,0,0,0,0,0,0,0,0
LZTR1,0,0,0,0,0,0,0,0,0,0,0,0,0,0,0,0,0,0,0,0
CSF2RB,0,0,0,0,0,0,0,0,0,0,0,0,0,0,0,0,0,0,0,0
MIR6069,0,0,0,0,0,0,0,0,0,0,0,0,0,0,0,0,0,0,0,0
GAB4,815,608,761,924,722,895,647,640,524,605,795,682,668,564,667,711,568,591,829,676
KIAA1671,0,0,0,0,0,0,0,0,0,0,0,0,0,0,0,0,0,0,0,0
LARGE,0,0,0,0,0,0,0,0,0,0,0,0,0,0,0,0,0,0,0,0
ARHGAP8,0,0,0,0,0,0,0,0,0,0,0,0,0,0,0,0,0,0,0,0
SEPT5,1768,1514,1618,1646,2054,1574,2118,1996,1749,2065,2212,1400,1692,1583,2017,1684,1837,1791,1472,1595
SEPT3,0,0,0,0,0,0,0,0,0,0,0,0,0,0,0,0,0,0,0,0
XRCC6,0,0,0,0,0,0,0,0,0,0,0,0,0,0,0,0,0,0,0,0
PPM1F,0,0,0,0,0,0,0,0,0,0,0,0,0,0,0,0,0,0,0,0
FLJ41941,87,83,99,102,131,72,120,114,62,67,118,102,126,182,126,94,174,139,134,120
PNPLA3,0,0,0,0,0,0,0,0,0,0,0,0,0,0,0,0,0,0,0,0
MAFF,0,0,0,0,0,0,0,0,0,0,0,0,0,0,0,0,0,0,0,0
PNPLA5,0,0,0,0,0,0,0,0,0,0,0,0,0,0,0,0,0,0,0,0
POTEH-AS1,0,0,0,0,0,0,0,0,0,0,0,0,0,0,0,0,0,0,0,0
CHEK2,0,0,0,0,0,0,0,0,0,0,0,0,0,0,0,0,0,0,0,0
CHKB,0,0,0,0,0,0,0,0,0,0,0,0,0,0,0,0,0,0,0,0
DDT,0,0,0,0,0,0,0,0,0,0,0,0,0,0,0,0,0,0,0,0
CCDC134,0,0,0,0,0,0,0,0,0,0,0,0,0,0,0,0,0,0,0,0
SCUBE1,0,0,0,0,0,0,0,0,0,0,0,0,0,0,0,0,0,0,0,0
LINC00207,0,0,0,0,0,0,0,0,0,0,0,0,0,0,0,0,0,0,0,0
RBFOX2,0,0,0,0,0,0,0,0,0,0,0,0,0,0,0,0,0,0,0,0
GSTT1,0,0,0,0,0,0,0,0,0,0,0,0,0,0,0,0,0,0,0,0
GNAZ,0,0,0,0,0,0,0,0,0,0,0,0,0,0,0,0,0,0,0,0
NPTXR,0,0,0,0,0,0,0,0,0,0,0,0,0,0,0,0,0,0,0,0
PHF5A,0,0,0,0,0,0,0,0,0,0,0,0,0,0,0,0,0,0,0,0
PRR34,0,0,0,0,0,0,0,0,0,0,0,0,0,0,0,0,0,0,0,0
SYN3,0,0,0,0,0,0,0,0,0,0,0,0,0,0,0,0,0,0,0,0
TOP3B,0,0,0,0,0,0,0,0,0,0,0,0,0,0,0,0,0,0,0,0
C22orf23,0,0,0,0,0,0,0,0,0,0,0,0,0,0,0,0,0,0,0,0
SEC14L3,0,0,0,0,0,0,0,0,0,0,0,0,0,0,0,0,0,0,0,0
SEC14L2,0,0,0,0,0,0,0,0,0,0,0,0,0,0,0,0,0,0,0,0
ODF3B,0,0,0,0,0,0,0,0,0,0,0,0,0,0,0,0,0,0,0,0
MIR3909,0,0,0,0,0,0,0,0,0,0,0,0,0,0,0,0,0,0,0,0
SEC14L6,0,0,0,0,0,0,0,0,0,0,0,0,0,0,0,0,0,0,0,0
SEC14L4,0,0,0,0,0,0,0,0,0,0,0,0,0,0,0,0,0,0,0,0
TBX1,1954,1827,1868,2104,2110,1878,1898,2172,2044,1981,2024,1911,1683,1960,2177,1919,1742,2122,2186,2111
GTSE1-AS1,0,0,0,0,0,0,0,0,0,0,0,0,0,0,0,0,0,0,0,0
FBXO7,0,0,0,0,0,0,0,0,0,0,0,0,0,0,0,0,0,0,0,0
CHCHD10,0,0,0,0,0,0,0,0,0,0,0,0,0,0,0,0,0,0,0,0
DENND6B,0,0,0,0,0,0,0,0,0,0,0,0,0,0,0,0,0,0,0,0
BCR,0,0,0,0,0,0,0,0,0,0,0,0,0,0,0,0,0,0,0,0
CSDC2,0,0,0,0,0,0,0,0,0,0,0,0,0,0,0,0,0,0,0,0
ZNRF3-AS1,0,0,0,0,0,0,0,0,0,0,0,0,0,0,0,0,0,0,0,0
MPST,0,0,0,0,0,0,0,0,0,0,0,0,0,0,0,0,0,0,0,0
CSNK1E,0,0,0,0,0,0,0,0,0,0,0,0,0,0,0,0,0,0,0,0
NDUFA6,0,0,0,0,0,0,0,0,0,0,0,0,0,0,0,0,0,0,0,0
TSSK2,0,0,0,0,5,0,0,0,0,0,0,0,0,0,0,0,0,0,0,0
RIMBP3,0,0,0,0,0,0,0,0,0,0,0,0,0,0,0,0,0,0,0,0
CDPF1,0,0,0,0,0,0,0,0,0,0,0,0,0,0,0,0,0,0,0,0
COMT,0,0,0,0,0,0,0,0,0,0,0,0,0,0,0,0,0,0,0,0
RFPL3S,0,0,0,0,0,0,0,0,0,0,0,0,0,0,0,0,0,0,0,0
SMTN,0,0,0,0,0,0,0,0,0,0,0,0,0,0,0,0,0,0,0,0
GUCD1,0,0,0,0,0,0,0,0,0,0,0,0,0,0,0,0,0,0,0,0
ATXN10,0,0,0,0,0,0,0,0,0,0,0,0,0,0,0,0,0,0,0,0
LGALS2,0,0,0,0,0,0,0,0,0,0,0,0,0,0,0,0,0,0,0,0
LGALS1,0,0,0,0,0,0,0,0,0,0,0,0,0,0,0,0,0,0,0,0
OSBP2,0,0,0,0,0,0,0,0,0,0,0,0,0,0,0,0,0,0,0,0
NUP50,0,0,0,0,0,0,0,0,0,0,0,0,0,0,0,0,0,0,0,0
SLC5A1,0,0,0,0,0,0,0,0,0,0,0,0,0,0,0,0,0,0,0,0
CABP7,0,0,0,0,0,0,0,0,0,0,0,0,0,0,0,0,0,0,0,0
ZMAT5,0,0,0,0,0,0,0,0,0,0,0,0,0,0,0,0,0,0,0,0
LMF2,0,0,0,0,0,0,0,0,0,0,0,0,0,0,0,0,0,0,0,0
ATP5L2,0,0,0,0,0,0,0,0,0,0,0,0,0,0,0,0,0,0,0,0
HMGXB4,0,0,0,0,0,0,0,0,0,0,0,0,0,0,0,0,0,0,0,0
LIMK2,0,0,0,0,0,0,0,0,0,0,0,0,0,0,0,0,0,0,0,0
RNU12,0,0,0,0,0,0,0,0,0,0,0,0,0,0,0,0,0,0,0,0
NEFH,0,0,0,0,0,0,0,0,0,0,0,0,0,0,0,0,0,0,0,0
DMC1,0,0,0,0,0,0,0,0,0,0,0,0,0,0,0,0,0,0,0,0
P2RX6,0,0,0,0,0,0,0,0,0,0,0,0,0,0,0,0,0,0,0,0
LOC101927526,0,0,0,0,0,0,0,0,0,0,0,0,0,0,0,0,0,0,0,0
CPT1B,0,0,0,0,0,0,0,0,0,0,0,0,0,0,0,0,0,0,0,0
SMARCB1,0,0,0,0,0,0,0,0,0,0,0,0,0,0,0,0,0,0,0,0
LOC648691,0,0,0,0,0,0,0,0,0,0,0,0,0,0,0,0,0,0,0,0
CHADL,0,0,0,0,0,0,0,0,0,0,0,0,0,0,0,0,0,0,0,0
MCM5,0,0,0,0,0,0,0,0,0,0,0,0,0,0,0,0,0,0,0,0
PPP6R2,0,0,0,0,0,0,0,0,0,0,0,0,0,0,0,0,0,0,0,0
DUSP18,0,0,0,0,0,0,0,0,0,0,0,0,0,0,0,0,0,0,0,0
MIR548J,0,0,0,0,0,0,0,0,0,0,0,0,0,0,0,0,0,0,0,0
THAP7-AS1,0,0,0,0,0,0,0,0,0,0,0,0,0,0,0,0,0,0,0,0
NCAPH2,0,0,0,0,0,0,0,0,0,0,0,0,0,0,0,0,0,0,0,0
EFCAB6,0,0,0,0,0,0,0,0,0,0,0,0,0,0,0,0,0,0,0,0
MIR5739,0,0,0,0,0,0,0,0,0,0,0,0,0,0,0,0,0,0,0,0
MPPED1,0,0,0,0,0,0,0,0,0,0,0,0,0,0,0,0,0,0,0,0
NFAM1,0,0,0,0,0,0,0,0,0,0,0,0,0,0,0,0,0,0,0,0
MTFP1,0,0,0,0,0,0,0,0,0,0,0,0,0,0,0,0,0,0,0,0
A4GALT,0,0,0,0,0,0,0,0,0,0,0,0,0,0,0,0,0,0,0,0
UFD1L,1092,1183,1003,1164,1078,1036,1255,973,1077,1027,1043,944,1242,1198,1001,1028,1122,1035,1050,1027
MIRLET7B,0,0,0,0,0,0,0,0,0,0,0,0,0,0,0,0,0,0,0,0
NDUFA6-AS1,0,0,0,0,0,0,0,0,0,0,0,0,0,0,0,0,0,0,0,0
PRR5,0,0,0,0,0,0,0,0,0,0,0,0,0,0,0,0,0,0,0,0
SCO2,0,0,0,0,0,0,0,0,0,0,0,0,0,0,0,0,0,0,0,0
UPB1,0,0,0,0,0,0,0,0,0,0,0,0,0,0,0,0,0,0,0,0
ZNF70,0,0,0,0,0,0,0,0,0,0,0,0,0,0,0,0,0,0,0,0
ZNF74,0,0,0,0,0,0,0,0,0,0,0,0,0,0,0,0,0,0,0,0
DGCR9,959,1052,1199,1032,1112,800,815,935,1067,1060,1128,890,979,967,895,883,833,931,1057,1184
DGCR8,0,0,0,0,0,0,0,0,0,0,0,0,0,0,0,0,0,0,0,0
BMS1P18,5,0,9,0,0,4,6,0,5,0,0,0,0,6,0,3,0,6,0,4
BMS1P17,40,50,77,30,43,45,59,110,109,24,70,76,59,99,25,51,38,123,43,132
DGCR2,10700,10542,10648,10564,11789,10999,11097,10309,10696,11407,11655,11228,11740,11111,11418,10963,11091,10925,10711,11074
DGCR5,2400,2378,2515,2661,1941,2514,2504,2470,2427,2373,2451,2398,2669,2123,2323,2171,2387,2250,2385,2310
DGCR6,339,392,231,320,375,388,348,316,330,332,842,741,760,539,783,720,843,849,765,819
SYCE3,0,0,0,0,0,0,0,0,0,0,0,0,0,0,0,0,0,0,0,0
MICAL3,13289,13003,12830,13829,13303,13334,13112,12924,13108,13141,13090,13319,13618,12906,13315,13243,13523,13705,13013,13880
SUSD2,0,0,0,0,0,0,0,0,0,0,0,0,0,0,0,0,0,0,0,0
SNORD125,0,0,0,0,0,0,0,0,0,0,0,0,0,0,0,0,0,0,0,0
FAM19A5,0,0,0,0,0,0,0,0,0,0,0,0,0,0,0,0,0,0,0,0
LOC284889,0,0,0,0,0,0,0,0,0,0,0,0,0,0,0,0,0,0,0,0
RANGAP1,0,0,0,0,0,0,0,0,0,0,0,0,0,0,0,0,0,0,0,0
CRYBB2P1,0,0,0,0,0,0,0,0,0,0,0,0,0,0,0,0,0,0,0,0
LOC100506271,0,0,0,0,0,0,0,0,0,0,0,0,0,0,0,0,0,0,0,0
SLC2A11,0,0,0,0,0,0,0,0,0,0,0,0,0,0,0,0,0,0,0,0
LOC730668,0,0,0,0,0,0,0,0,0,0,0,0,0,0,0,0,0,0,0,0
ELFN2,0,0,0,0,0,0,0,0,0,0,0,0,0,0,0,0,0,0,0,0
KCTD17,0,0,0,0,0,0,0,0,0,0,0,0,0,0,0,0,0,0,0,0
C22orf42,0,0,0,0,0,0,0,0,0,0,0,0,0,0,0,0,0,0,0,0
C22orf46,0,0,0,0,0,0,0,0,0,0,0,0,0,0,0,0,0,0,0,0
MIR1281,0,0,0,0,0,0,0,0,0,0,0,0,0,0,0,0,0,0,0,0
MIR1286,0,0,0,0,0,0,0,0,0,0,0,0,0,0,0,0,0,0,0,0
L3MBTL2,0,0,0,0,0,0,0,0,0,0,0,0,0,0,0,0,0,0,0,0
KDELR3,0,0,0,0,0,0,0,0,0,0,0,0,0,0,0,0,0,0,0,0
IL17REL,0,0,0,0,0,0,0,0,0,0,0,0,0,0,0,0,0,0,0,0
ASPHD2,0,0,0,0,0,0,0,0,0,0,0,0,0,0,0,0,0,0,0,0
RASD2,0,0,0,0,0,0,0,0,0,0,0,0,0,0,0,0,0,0,0,0
ANKRD54,0,0,0,0,0,0,0,0,0,0,0,0,0,0,0,0,0,0,0,0
SLC7A4,0,0,0,0,0,0,0,0,0,0,0,0,0,0,0,0,0,0,0,0
RPL3,0,0,0,0,0,0,0,0,0,0,0,0,0,0,0,0,0,0,0,0
PHF21B,0,0,0,0,0,0,0,0,0,0,0,0,0,0,0,0,0,0,0,0
SPECC1L,0,0,0,0,0,0,0,0,0,0,0,0,0,0,0,0,0,0,0,0
UBE2L3,0,0,0,0,0,0,0,0,0,0,0,0,0,0,0,0,0,0,0,0
TOMM22,0,0,0,0,0,0,0,0,0,0,0,0,0,0,0,0,0,0,0,0
KREMEN1,0,0,0,0,0,0,0,0,0,0,0,0,0,0,0,0,0,0,0,0
ADORA2A-AS1,0,0,0,0,0,0,0,0,0,0,0,0,0,0,0,0,0,0,0,0
ADRBK2,0,0,0,0,0,0,0,0,0,0,0,0,0,0,0,0,0,0,0,0
LRP5L,0,0,0,0,0,0,0,0,0,0,0,0,0,0,0,0,0,0,0,0
TRABD,0,0,0,0,0,0,0,0,0,0,0,0,0,0,0,0,0,0,0,0
LOC400891,0,0,0,0,0,0,0,0,0,0,0,0,0,0,0,0,0,0,0,0
OSM,0,0,0,0,0,0,0,0,0,0,0,0,0,0,0,0,0,0,0,0
GRAMD4,0,0,0,0,0,0,0,0,0,0,0,0,0,0,0,0,0,0,0,0
MIR3928,0,0,0,0,0,0,0,0,0,0,0,0,0,0,0,0,0,0,0,0
NHP2L1,0,0,0,0,0,0,0,0,0,0,0,0,0,0,0,0,0,0,0,0
FAM118A,0,0,0,0,0,0,0,0,0,0,0,0,0,0,0,0,0,0,0,0
MN1,0,0,0,0,0,0,0,0,0,0,0,0,0,0,0,0,0,0,0,0
GATSL3,0,0,0,0,0,0,0,0,0,0,0,0,0,0,0,0,0,0,0,0
POLR2F,0,0,0,0,0,0,0,0,0,0,0,0,0,0,0,0,0,0,0,0
TPTEP1,246,204,212,282,304,271,135,199,210,278,204,252,231,249,228,315,347,191,179,151
ACO2,0,0,0,0,0,0,0,0,0,0,0,0,0,0,0,0,0,0,0,0
LOC101929760,0,0,0,0,0,0,0,0,0,0,0,0,0,0,0,0,0,0,0,0
LOC100130899,0,0,0,0,0,0,0,0,0,0,0,0,0,0,0,0,0,0,0,0
GSTT2B,0,0,0,0,0,0,0,0,0,0,0,0,0,0,0,0,0,0,0,0
SERHL,0,0,0,0,0,0,0,0,0,0,0,0,0,0,0,0,0,0,0,0
GGT3P,305,322,441,348,357,333,419,404,287,404,832,906,946,880,726,905,974,949,846,917
HMOX1,0,0,0,0,0,0,0,0,0,0,0,0,0,0,0,0,0,0,0,0
POM121L10P,0,0,0,0,0,0,0,0,0,0,0,0,0,0,0,0,0,0,0,0
PRODH,2094,2174,1978,2424,2001,1953,2195,2032,2101,2390,1253,1161,1250,1270,1141,1467,1295,1189,1440,1207
CHKB-AS1,0,0,0,0,0,0,0,0,0,0,0,0,0,0,0,0,0,0,0,0
AIFM3,0,0,0,0,0,0,0,0,0,0,0,0,0,0,0,0,0,0,0,0
WNT7B,0,0,0,0,0,0,0,0,0,0,0,0,0,0,0,0,0,0,0,0
IL17RA,2704,2641,2661,2825,2811,2572,2665,2858,2669,2769,2785,2758,2782,2694,2693,2734,2480,2777,2740,2700
TUBA8,822,675,758,558,686,738,777,810,715,888,580,784,948,651,849,577,675,858,857,815
NCF4,0,0,0,0,0,0,0,0,0,0,0,0,0,0,0,0,0,0,0,0
NAGA,0,0,0,0,0,0,0,0,0,0,0,0,0,0,0,0,0,0,0,0
ACR,0,0,0,0,0,0,0,0,0,0,0,0,0,0,0,0,0,0,0,0
MAPK11,0,0,0,0,0,0,0,0,0,0,0,0,0,0,0,0,0,0,0,0
MAPK12,0,0,0,0,0,0,0,0,0,0,0,0,0,0,0,0,0,0,0,0
MIR3200,0,0,0,0,0,0,0,0,0,0,0,0,0,0,0,0,0,0,0,0
MIR3201,0,0,0,0,0,0,0,0,0,0,0,0,0,0,0,0,0,0,0,0
POLDIP3,0,0,0,0,0,0,0,0,0,0,0,0,0,0,0,0,0,0,0,0
BAIAP2L2,0,0,0,0,0,0,0,0,0,0,0,0,0,0,0,0,0,0,0,0
TEF,0,0,0,0,0,0,0,0,0,0,0,0,0,0,0,0,0,0,0,0
GP1BB,2,2,2,3,1,3,2,2,3,2,3,3,2,3,2,2,2,2,2,3
MAPK1,0,0,0,0,0,0,0,0,0,0,0,0,0,0,0,0,0,0,0,0
LOC90834,0,0,0,0,0,0,0,0,0,0,0,0,0,0,0,0,0,0,0,0
TCF20,0,0,0,0,0,0,0,0,0,0,0,0,0,0,0,0,0,0,0,0
PI4KAP1,0,0,0,0,0,0,0,0,0,0,0,0,0,0,0,0,0,0,0,0
PI4KAP2,0,0,0,0,0,0,0,0,0,0,0,0,0,0,0,0,0,0,0,0
CECR1,4015,3915,3478,3496,3434,3582,3735,3511,3898,3310,5301,5305,4974,5518,5965,5271,5882,5390,5345,5300
CECR2,3338,3091,3351,3392,3406,3334,3387,3446,3212,3605,3325,3323,3106,2926,2975,3077,3304,3120,3494,3121
CECR3,1257,1203,1091,1005,1187,1162,1228,1029,860,1013,905,992,1143,1116,1107,1043,1079,1098,1028,1019
CECR5,1307,1585,1455,1522,1542,1408,1327,1283,1683,1466,1477,1275,1342,1449,1422,1719,1223,1496,1281,1370
CECR6,2983,3339,3299,3553,3339,3588,3293,3582,3154,3158,3580,3115,2972,3047,3433,3033,3389,3377,3451,3298
CECR7,876,682,953,620,971,963,1087,710,812,898,719,766,651,802,699,902,760,918,748,719
GGA1,0,0,0,0,0,0,0,0,0,0,0,0,0,0,0,0,0,0,0,0
OR11H1,382,422,302,424,378,472,448,331,395,394,64,104,35,94,235,91,126,98,99,112
GCAT,0,0,0,0,0,0,0,0,0,0,0,0,0,0,0,0,0,0,0,0
LDOC1L,0,0,0,0,0,0,0,0,0,0,0,0,0,0,0,0,0,0,0,0
TNFRSF13C,0,0,0,0,0,0,0,0,0,0,0,0,0,0,0,0,0,0,0,0
MAPK8IP2,0,0,0,0,0,0,0,0,0,0,0,0,0,0,0,0,0,0,0,0
APOBEC3B-AS1,0,0,0,0,0,0,0,0,0,0,0,0,0,0,0,0,0,0,0,0
XKR3,218,386,444,380,508,441,364,368,256,315,371,315,341,371,344,401,379,534,282,492
SYNGR1,0,0,0,0,0,0,0,0,0,0,0,0,0,0,0,0,0,0,0,0
MIR3199-1,0,0,0,0,0,0,0,0,0,0,0,0,0,0,0,0,0,0,0,0
MIR3199-2,0,0,0,0,0,0,0,0,0,0,0,0,0,0,0,0,0,0,0,0
PICK1,0,0,0,0,0,0,0,0,0,0,0,0,0,0,0,0,0,0,0,0
MIR3198-1,47,47,50,13,92,45,26,9,40,18,24,43,47,45,18,18,45,15,23,40
SREBF2,0,0,0,0,0,0,0,0,0,0,0,0,0,0,0,0,0,0,0,0
AP1B1P1,0,0,0,0,0,0,0,0,0,0,0,0,0,0,0,0,0,0,0,0
SNORD43,0,0,0,0,0,0,0,0,0,0,0,0,0,0,0,0,0,0,0,0
LOC101927722,0,0,0,0,0,0,0,0,0,0,0,0,0,0,0,0,0,0,0,0
ST13,0,0,0,0,0,0,0,0,0,0,0,0,0,0,0,0,0,0,0,0
DESI1,0,0,0,0,0,0,0,0,0,0,0,0,0,0,0,0,0,0,0,0
TEX33,0,0,0,0,0,0,0,0,0,0,0,0,0,0,0,0,0,0,0,0
LOC100506472,0,0,0,0,0,0,0,0,0,0,0,0,0,0,0,0,0,0,0,0
LRRC75B,0,0,0,0,0,0,0,0,0,0,0,0,0,0,0,0,0,0,0,0
LOC388882,0,0,0,0,0,0,0,0,0,0,0,0,0,0,0,0,0,0,0,0
ZBED4,0,0,0,0,0,0,0,0,0,0,0,0,0,0,0,0,0,0,0,0
LOC150381,0,0,0,0,0,0,0,0,0,0,0,0,0,0,0,0,0,0,0,0
FAM83F,0,0,0,0,0,0,0,0,0,0,0,0,0,0,0,0,0,0,0,0
XBP1,0,0,0,0,0,0,0,0,0,0,0,0,0,0,0,0,0,0,0,0
LOC339666,0,0,0,0,0,0,0,0,0,0,0,0,0,0,0,0,0,0,0,0
RAB36,0,0,0,0,0,0,0,0,0,0,0,0,0,0,0,0,0,0,0,0
BCL2L13,13314,13120,13245,12053,12323,13416,13433,12785,13052,12887,15135,14861,14712,14857,14327,15233,15018,14544,15691,14255
UPK3A,0,0,0,0,0,0,0,0,0,0,0,0,0,0,0,0,0,0,0,0
POM121L8P,0,0,0,0,0,0,0,0,0,0,0,0,0,0,0,0,0,0,0,0
RPS19BP1,0,0,0,0,0,0,0,0,0,0,0,0,0,0,0,0,0,0,0,0
FOXRED2,0,0,0,0,0,0,0,0,0,0,0,0,0,0,0,0,0,0,0,0
C22orf15,0,0,0,0,0,0,0,0,0,0,0,0,0,0,0,0,0,0,0,0
TTLL12,0,0,0,0,0,0,0,0,0,0,0,0,0,0,0,0,0,0,0,0
SLC35E4,0,0,0,0,0,0,0,0,0,0,0,0,0,0,0,0,0,0,0,0
MIEF1,0,0,0,0,0,0,0,0,0,0,0,0,0,0,0,0,0,0,0,0
PLXNB2,0,0,0,0,0,0,0,0,0,0,0,0,0,0,0,0,0,0,0,0
PDGFB,0,0,0,0,0,0,0,0,0,0,0,0,0,0,0,0,0,0,0,0
PIM3,0,0,0,0,0,0,0,0,0,0,0,0,0,0,0,0,0,0,0,0
TMPRSS6,0,0,0,0,0,0,0,0,0,0,0,0,0,0,0,0,0,0,0,0
OGFRP1,0,0,0,0,0,0,0,0,0,0,0,0,0,0,0,0,0,0,0,0
GGT1,0,0,0,0,0,0,0,0,0,0,0,0,0,0,0,4,0,0,3,0
GGT5,0,0,0,0,0,0,0,0,0,0,0,0,0,0,0,0,0,0,0,0
HORMAD2,0,0,0,0,0,0,0,0,0,0,0,0,0,0,0,0,0,0,0,0
CLTCL1,3098,3045,3046,2723,2755,2781,3110,2845,2907,3034,1648,1719,1565,1582,1500,1634,1649,1633,1338,1535
USP18,370,403,320,308,358,376,339,363,322,353,362,351,337,401,347,324,313,391,381,330
MOV10L1,0,0,0,0,0,0,0,0,0,0,0,0,0,0,0,0,0,0,0,0
SHANK3,0,0,0,0,0,0,0,0,0,0,0,0,0,0,0,0,0,0,0,0
SELM,0,0,0,0,0,0,0,0,0,0,0,0,0,0,0,0,0,0,0,0
LL22NC01-81G9.3,0,0,0,0,0,0,0,0,0,0,0,0,0,0,0,0,0,0,0,0
SELO,0,0,0,0,0,0,0,0,0,0,0,0,0,0,0,0,0,0,0,0
CABIN1,0,0,0,0,0,0,0,0,0,0,0,0,0,0,0,0,0,0,0,0
TAB1,0,0,0,0,0,0,0,0,0,0,0,0,0,0,0,0,0,0,0,0
C1QTNF6,0,0,0,0,0,0,0,0,0,0,0,0,0,0,0,0,0,0,0,0
ZDHHC8P1,0,0,0,0,0,0,0,0,0,0,0,0,0,0,0,0,0,0,0,0
DGCR11,1259,1279,1413,1051,1517,1305,1413,1395,1172,1341,1443,1340,1259,1289,1112,1304,1088,1204,1423,1240
DGCR10,607,410,406,372,408,430,340,384,359,392,448,328,373,271,354,310,471,294,445,445
MLC1,0,0,0,0,0,0,0,0,0,0,0,0,0,0,0,0,0,0,0,0
DGCR14,4335,4250,4468,4380,4409,4523,4212,4323,4503,4565,4535,4620,4669,4491,4426,4885,4466,4616,4567,4660
ATF4,0,0,0,0,0,0,0,0,0,0,0,0,0,0,0,0,0,0,0,0
TRMT2A,0,0,0,0,0,0,0,0,0,0,0,0,0,0,0,0,0,0,0,0
TBC1D10A,0,0,0,0,0,0,0,0,0,0,0,0,0,0,0,0,0,0,0,0
SEPT5-GP1BB,4711,5734,4517,5506,4634,5092,4793,4687,4585,5097,4095,5206,5310,5340,5159,5081,4759,5006,4949,5376
